CustomerID,FirstName,LastName,Email,Phone,City,CreatedDate
1,Oliver,Brown,oliver.brown941@outlook.com,604-523-2377,Montreal,2024-08-29
2,Noah,Garcia,noah.garcia277@outlook.com,604-564-5237,Winnipeg,2025-05-07
3,Amelia,Taylor,amelia.taylor585@hotmail.com,604-599-6358,Vancouver,2024-08-14
4,Noah,Garcia,noah.garcia436@gmail.com,604-544-1275,Vancouver,2024-09-21
5,Oliver,Martin,oliver.martin877@outlook.com,604-518-5332,Vancouver,2023-08-22
6,Liam,Hernandez,liam.hernandez567@hotmail.com,604-544-3117,Toronto,2023-03-25
7,Michael,Davis,michael.davis961@gmail.com,604-530-5290,Toronto,2025-03-03
8,Benjamin,Martinez,benjamin.martinez644@yahoo.com,604-577-4372,Montreal,2023-09-08
9,Charlotte,Garcia,charlotte.garcia278@yahoo.com,604-512-5103,Toronto,2026-02-05
10,Liam,Taylor,liam.taylor565@outlook.com,604-575-8778,Edmonton,2023-09-05
11,Elijah,Wilson,elijah.wilson673@hotmail.com,604-579-7440,Montreal,2024-12-23
12,Lucas,Hernandez,lucas.hernandez204@outlook.com,604-561-6694,Toronto,2025-06-16
13,Liam,Williams,liam.williams641@yahoo.com,604-565-3674,Toronto,2025-09-16
14,Matthew,Gonzalez,matthew.gonzalez892@icloud.com,604-595-5619,Edmonton,2024-07-16
15,Noah,Anderson,noah.anderson190@outlook.com,604-544-8304,Toronto,2024-09-15
16,Emma,Hernandez,emma.hernandez996@icloud.com,604-551-5005,Toronto,2024-06-13
17,Benjamin,Lopez,benjamin.lopez188@gmail.com,604-552-7252,Vancouver,2023-07-10
18,Henry,Taylor,henry.taylor672@outlook.com,604-541-9269,Toronto,2025-09-03
19,Henry,Williams,henry.williams148@hotmail.com,604-585-1682,Winnipeg,2026-01-21
20,Alexander,Martinez,alexander.martinez645@outlook.com,604-520-9670,Calgary,2024-01-01
21,Joseph,Hernandez,joseph.hernandez738@hotmail.com,604-529-5655,Calgary,2025-12-09
22,Jackson,Taylor,jackson.taylor643@hotmail.com,604-599-9282,Calgary,2023-04-01
23,Joseph,Taylor,joseph.taylor583@gmail.com,604-597-4767,Vancouver,2026-01-04
24,Noah,Jones,noah.jones653@yahoo.com,604-523-7170,Quebec City,2023-01-20
25,Noah,Smith,noah.smith642@icloud.com,604-597-5006,Quebec City,2024-09-14
26,Liam,Anderson,liam.anderson817@gmail.com,604-574-9768,Vancouver,2023-03-27
27,Oliver,Thomas,oliver.thomas259@gmail.com,604-543-4846,Edmonton,2024-11-21
28,David,Anderson,david.anderson506@hotmail.com,604-519-8848,Montreal,2025-12-03
29,Evelyn,Miller,evelyn.miller80@icloud.com,604-528-6435,Montreal,2024-06-23
30,Evelyn,Jackson,evelyn.jackson137@gmail.com,604-571-1993,Quebec City,2024-09-04
31,Matthew,Brown,matthew.brown709@outlook.com,604-596-9021,Montreal,2023-04-16
32,Alexander,Anderson,alexander.anderson478@hotmail.com,604-525-9996,Edmonton,2024-06-08
33,Oliver,Thomas,oliver.thomas18@yahoo.com,604-568-2252,Quebec City,2024-09-04
34,Ava,Miller,ava.miller939@outlook.com,604-519-2479,Calgary,2023-03-31
35,Henry,Lopez,henry.lopez136@icloud.com,604-590-9335,Montreal,2025-07-21
36,Michael,Lopez,michael.lopez237@hotmail.com,604-572-7456,Toronto,2025-04-17
37,Liam,Thomas,liam.thomas698@hotmail.com,604-561-5947,Calgary,2023-11-07
38,Emma,Gonzalez,emma.gonzalez324@gmail.com,604-552-1028,Ottawa,2024-04-15
39,Jackson,Gonzalez,jackson.gonzalez123@outlook.com,604-511-5748,Montreal,2024-02-05
40,Oliver,Gonzalez,oliver.gonzalez400@icloud.com,604-519-6909,Winnipeg,2024-08-22
41,Sebastian,Johnson,sebastian.johnson288@gmail.com,604-516-5679,Calgary,2024-10-14
42,Henry,Wilson,henry.wilson524@yahoo.com,604-534-7116,Winnipeg,2026-01-08
43,Samuel,Gonzalez,samuel.gonzalez936@icloud.com,604-580-4333,Vancouver,2025-11-27
44,Owen,Wilson,owen.wilson462@icloud.com,604-527-5689,Quebec City,2025-11-28
45,Owen,Moore,owen.moore131@outlook.com,604-570-7797,Ottawa,2024-08-08
46,Alexander,Rodriguez,alexander.rodriguez757@yahoo.com,604-561-4910,Montreal,2023-06-23
47,Amelia,Gonzalez,amelia.gonzalez123@outlook.com,604-592-3648,Vancouver,2025-01-07
48,Charlotte,Thomas,charlotte.thomas564@outlook.com,604-567-6453,Quebec City,2023-10-15
49,James,Moore,james.moore198@outlook.com,604-521-3862,Ottawa,2023-01-25
50,Oliver,Hernandez,oliver.hernandez245@yahoo.com,604-543-4311,Toronto,2023-11-14
51,Ava,Wilson,ava.wilson764@icloud.com,604-536-7174,Montreal,2024-04-15
52,Joseph,Johnson,joseph.johnson511@yahoo.com,604-583-6900,Calgary,2023-05-13
53,Charlotte,Miller,charlotte.miller95@yahoo.com,604-541-7300,Winnipeg,2023-09-07
54,Sophia,Martinez,sophia.martinez870@gmail.com,604-526-1528,Winnipeg,2023-07-13
55,Harper,Thomas,harper.thomas1@gmail.com,604-560-9648,Quebec City,2023-09-01
56,Lucas,Brown,lucas.brown230@outlook.com,604-529-9558,Vancouver,2023-08-15
57,Oliver,Moore,oliver.moore796@gmail.com,604-510-3058,Edmonton,2022-12-28
58,Owen,Johnson,owen.johnson661@yahoo.com,604-526-5125,Winnipeg,2025-07-22
59,Elijah,Williams,elijah.williams308@icloud.com,604-584-4140,Winnipeg,2024-09-20
60,Lucas,Martin,lucas.martin2@gmail.com,604-578-5940,Quebec City,2024-08-15
61,Olivia,Davis,olivia.davis487@icloud.com,604-540-9962,Edmonton,2026-01-08
62,Sophia,Martinez,sophia.martinez57@gmail.com,604-534-9164,Winnipeg,2025-09-23
63,Henry,Davis,henry.davis684@hotmail.com,604-557-4715,Quebec City,2025-12-29
64,Michael,Hernandez,michael.hernandez736@hotmail.com,604-556-7493,Edmonton,2026-02-23
65,Samuel,Martinez,samuel.martinez757@icloud.com,604-518-4362,Quebec City,2025-01-22
66,Alexander,Miller,alexander.miller237@hotmail.com,604-538-5342,Montreal,2025-07-28
67,Evelyn,Thomas,evelyn.thomas625@outlook.com,604-538-8947,Winnipeg,2025-11-13
68,Evelyn,Jones,evelyn.jones945@hotmail.com,604-516-4488,Toronto,2025-05-22
69,Sophia,Johnson,sophia.johnson727@gmail.com,604-533-7444,Quebec City,2024-06-03
70,David,Brown,david.brown82@outlook.com,604-552-4124,Calgary,2023-03-30
71,David,Anderson,david.anderson33@yahoo.com,604-595-7203,Ottawa,2024-04-28
72,Isabella,Garcia,isabella.garcia112@gmail.com,604-520-5584,Vancouver,2024-03-19
73,Sophia,Brown,sophia.brown575@outlook.com,604-558-6843,Montreal,2023-10-05
74,Oliver,Johnson,oliver.johnson723@hotmail.com,604-535-7106,Quebec City,2025-02-06
75,Olivia,Lopez,olivia.lopez756@hotmail.com,604-513-7730,Edmonton,2023-12-01
76,Noah,Gonzalez,noah.gonzalez36@hotmail.com,604-518-2015,Montreal,2025-02-02
77,David,Williams,david.williams921@icloud.com,604-553-6946,Montreal,2024-04-21
78,Evelyn,Johnson,evelyn.johnson269@yahoo.com,604-545-5872,Toronto,2025-10-26
79,Liam,Davis,liam.davis110@hotmail.com,604-569-7332,Montreal,2023-10-10
80,Jackson,Thomas,jackson.thomas136@hotmail.com,604-533-1142,Montreal,2025-05-03
81,Evelyn,Davis,evelyn.davis336@yahoo.com,604-568-6928,Vancouver,2023-04-25
82,Benjamin,Gonzalez,benjamin.gonzalez771@outlook.com,604-541-7680,Vancouver,2025-12-29
83,Mia,Moore,mia.moore558@yahoo.com,604-530-7988,Vancouver,2025-10-12
84,Henry,Martin,henry.martin87@outlook.com,604-522-7898,Quebec City,2023-09-05
85,William,Davis,william.davis137@hotmail.com,604-568-4849,Vancouver,2024-07-15
86,Alexander,Rodriguez,alexander.rodriguez581@yahoo.com,604-557-5162,Montreal,2025-01-25
87,Isabella,Davis,isabella.davis191@outlook.com,604-540-3512,Montreal,2022-12-10
88,Benjamin,Hernandez,benjamin.hernandez67@hotmail.com,604-542-5029,Edmonton,2025-08-15
89,Daniel,Anderson,daniel.anderson38@gmail.com,604-510-8778,Edmonton,2023-09-02
90,Owen,Lopez,owen.lopez42@yahoo.com,604-539-2953,Toronto,2025-02-13
91,Evelyn,Jackson,evelyn.jackson199@gmail.com,604-557-9399,Calgary,2023-09-01
92,Evelyn,Rodriguez,evelyn.rodriguez794@gmail.com,604-523-6729,Edmonton,2025-12-22
93,Emma,Hernandez,emma.hernandez145@gmail.com,604-536-5176,Toronto,2025-01-16
94,Jackson,Smith,jackson.smith839@yahoo.com,604-562-7091,Calgary,2024-06-07
95,Oliver,Miller,oliver.miller33@hotmail.com,604-580-8921,Vancouver,2023-11-24
96,Elijah,Gonzalez,elijah.gonzalez680@icloud.com,604-529-9749,Vancouver,2025-04-07
97,Ava,Rodriguez,ava.rodriguez420@yahoo.com,604-595-6039,Winnipeg,2025-11-23
98,Alexander,Jackson,alexander.jackson905@yahoo.com,604-563-7823,Toronto,2024-02-22
99,Daniel,Miller,daniel.miller401@hotmail.com,604-536-1096,Winnipeg,2025-04-22
100,Sophia,Brown,sophia.brown841@gmail.com,604-561-6975,Quebec City,2025-04-10
101,James,Smith,james.smith53@icloud.com,604-528-7499,Vancouver,2022-12-21
102,Evelyn,Lopez,evelyn.lopez755@icloud.com,604-531-3390,Ottawa,2024-08-05
103,William,Taylor,william.taylor176@gmail.com,604-523-7287,Quebec City,2025-01-28
104,Alexander,Jones,alexander.jones858@gmail.com,604-571-6153,Toronto,2024-01-04
105,Oliver,Martin,oliver.martin705@outlook.com,604-591-4638,Winnipeg,2025-01-31
106,Jackson,Thomas,jackson.thomas188@icloud.com,604-537-1683,Winnipeg,2023-04-13
107,William,Gonzalez,william.gonzalez368@gmail.com,604-529-5047,Edmonton,2025-12-14
108,Jack,Moore,jack.moore863@gmail.com,604-595-6311,Vancouver,2023-12-31
109,Evelyn,Anderson,evelyn.anderson564@yahoo.com,604-593-7882,Montreal,2022-12-01
110,Lucas,Wilson,lucas.wilson399@yahoo.com,604-567-9250,Quebec City,2025-03-07
111,Liam,Smith,liam.smith634@hotmail.com,604-569-4854,Quebec City,2023-08-13
112,Jackson,Garcia,jackson.garcia830@hotmail.com,604-561-2754,Vancouver,2025-06-18
113,Emma,Wilson,emma.wilson375@gmail.com,604-566-9263,Toronto,2025-12-15
114,Daniel,Jones,daniel.jones85@yahoo.com,604-575-2310,Toronto,2023-05-11
115,Jack,Gonzalez,jack.gonzalez669@outlook.com,604-513-2087,Vancouver,2025-02-05
116,James,Thomas,james.thomas295@outlook.com,604-597-4622,Vancouver,2024-03-20
117,Evelyn,Rodriguez,evelyn.rodriguez163@yahoo.com,604-588-5505,Quebec City,2025-05-18
118,Henry,Taylor,henry.taylor988@hotmail.com,604-536-5306,Edmonton,2024-05-24
119,Emma,Johnson,emma.johnson204@outlook.com,604-561-3641,Montreal,2024-05-06
120,Jack,Gonzalez,jack.gonzalez173@yahoo.com,604-524-9695,Toronto,2024-03-02
121,Sebastian,Anderson,sebastian.anderson569@icloud.com,604-584-2713,Montreal,2023-03-07
122,Daniel,Gonzalez,daniel.gonzalez756@yahoo.com,604-543-7156,Ottawa,2022-12-12
123,James,Lopez,james.lopez339@gmail.com,604-566-4769,Calgary,2025-11-30
124,Alexander,Taylor,alexander.taylor260@yahoo.com,604-591-6122,Toronto,2025-12-29
125,Lucas,Jones,lucas.jones298@icloud.com,604-590-8081,Winnipeg,2023-04-24
126,Emma,Johnson,emma.johnson136@hotmail.com,604-539-1746,Toronto,2025-11-17
127,Liam,Jackson,liam.jackson364@yahoo.com,604-523-9570,Ottawa,2023-03-11
128,Lucas,Wilson,lucas.wilson598@yahoo.com,604-585-3190,Edmonton,2024-02-17
129,Evelyn,Thomas,evelyn.thomas163@outlook.com,604-511-4990,Calgary,2023-08-28
130,Elijah,Williams,elijah.williams654@outlook.com,604-595-5419,Winnipeg,2024-09-13
131,Liam,Johnson,liam.johnson661@icloud.com,604-554-8270,Quebec City,2024-10-16
132,William,Smith,william.smith46@gmail.com,604-578-1413,Winnipeg,2025-02-21
133,Lucas,Garcia,lucas.garcia60@gmail.com,604-511-4231,Calgary,2023-11-13
134,Benjamin,Taylor,benjamin.taylor623@icloud.com,604-592-7803,Calgary,2023-05-02
135,Alexander,Williams,alexander.williams308@gmail.com,604-571-9821,Toronto,2024-01-30
136,Sebastian,Wilson,sebastian.wilson764@hotmail.com,604-520-8413,Calgary,2024-12-01
137,Elijah,Rodriguez,elijah.rodriguez238@gmail.com,604-525-6497,Montreal,2025-11-21
138,Henry,Moore,henry.moore696@hotmail.com,604-597-9572,Montreal,2024-07-11
139,Daniel,Miller,daniel.miller88@icloud.com,604-511-3781,Montreal,2024-11-10
140,Jackson,Miller,jackson.miller968@outlook.com,604-551-4144,Winnipeg,2024-05-05
141,Evelyn,Davis,evelyn.davis389@icloud.com,604-570-8735,Toronto,2026-01-13
142,Sophia,Davis,sophia.davis585@yahoo.com,604-537-7415,Vancouver,2023-01-06
143,Owen,Garcia,owen.garcia149@gmail.com,604-513-2833,Vancouver,2025-04-11
144,Emma,Jones,emma.jones718@gmail.com,604-513-1682,Calgary,2025-12-11
145,Michael,Williams,michael.williams755@gmail.com,604-518-6954,Edmonton,2023-03-11
146,Jack,Williams,jack.williams901@hotmail.com,604-523-5039,Edmonton,2025-01-16
147,Elijah,Johnson,elijah.johnson36@gmail.com,604-590-5708,Quebec City,2025-08-16
148,James,Brown,james.brown811@outlook.com,604-547-6228,Ottawa,2023-10-23
149,Henry,Smith,henry.smith360@yahoo.com,604-546-1793,Ottawa,2024-05-20
150,Joseph,Martin,joseph.martin516@hotmail.com,604-546-1507,Winnipeg,2026-01-04
151,Sophia,Taylor,sophia.taylor792@gmail.com,604-554-8683,Toronto,2023-03-03
152,Harper,Miller,harper.miller732@gmail.com,604-583-5704,Calgary,2023-09-27
153,Liam,Taylor,liam.taylor207@yahoo.com,604-516-1071,Ottawa,2023-06-07
154,Elijah,Thomas,elijah.thomas712@outlook.com,604-573-6688,Montreal,2022-12-11
155,William,Martinez,william.martinez835@outlook.com,604-599-4793,Quebec City,2025-04-03
156,Elijah,Williams,elijah.williams503@icloud.com,604-523-6351,Ottawa,2025-08-26
157,Ava,Gonzalez,ava.gonzalez914@gmail.com,604-564-1412,Ottawa,2025-01-10
158,Alexander,Rodriguez,alexander.rodriguez439@icloud.com,604-574-3803,Winnipeg,2024-11-15
159,Isabella,Jones,isabella.jones545@icloud.com,604-598-1555,Ottawa,2022-12-03
160,Olivia,Taylor,olivia.taylor160@hotmail.com,604-594-6297,Calgary,2023-08-03
161,Isabella,Rodriguez,isabella.rodriguez594@outlook.com,604-526-6473,Quebec City,2024-11-06
162,Charlotte,Miller,charlotte.miller274@yahoo.com,604-589-3532,Calgary,2024-10-17
163,David,Hernandez,david.hernandez618@icloud.com,604-554-3636,Edmonton,2024-05-06
164,Benjamin,Rodriguez,benjamin.rodriguez999@gmail.com,604-531-2665,Edmonton,2024-01-12
165,James,Jones,james.jones814@yahoo.com,604-548-8125,Montreal,2025-01-31
166,Elijah,Brown,elijah.brown288@outlook.com,604-559-8600,Toronto,2026-02-11
167,Ava,Wilson,ava.wilson711@outlook.com,604-574-5853,Quebec City,2026-01-22
168,James,Rodriguez,james.rodriguez619@hotmail.com,604-510-4969,Winnipeg,2022-12-19
169,Harper,Wilson,harper.wilson867@outlook.com,604-595-4745,Calgary,2025-06-27
170,Isabella,Wilson,isabella.wilson321@yahoo.com,604-590-2603,Winnipeg,2024-10-28
171,Samuel,Gonzalez,samuel.gonzalez731@outlook.com,604-542-7939,Quebec City,2023-08-19
172,Liam,Martin,liam.martin880@hotmail.com,604-576-3999,Ottawa,2026-02-15
173,Ava,Thomas,ava.thomas930@gmail.com,604-514-5116,Edmonton,2025-04-13
174,Michael,Miller,michael.miller532@yahoo.com,604-522-8483,Edmonton,2023-07-08
175,Charlotte,Smith,charlotte.smith655@yahoo.com,604-576-6617,Winnipeg,2023-08-16
176,Benjamin,Garcia,benjamin.garcia402@icloud.com,604-525-6824,Toronto,2024-10-07
177,Henry,Gonzalez,henry.gonzalez410@gmail.com,604-511-2231,Winnipeg,2023-10-29
178,Daniel,Lopez,daniel.lopez595@yahoo.com,604-523-4677,Montreal,2023-12-09
179,Charlotte,Davis,charlotte.davis821@hotmail.com,604-569-4473,Calgary,2025-06-17
180,Owen,Williams,owen.williams830@outlook.com,604-570-4702,Calgary,2024-03-15
181,Matthew,Wilson,matthew.wilson480@yahoo.com,604-580-3050,Quebec City,2024-03-12
182,Samuel,Davis,samuel.davis274@hotmail.com,604-597-5154,Winnipeg,2025-02-21
183,Mia,Smith,mia.smith825@yahoo.com,604-555-5013,Montreal,2024-05-21
184,Mia,Thomas,mia.thomas439@icloud.com,604-591-2399,Ottawa,2025-04-30
185,Owen,Martinez,owen.martinez875@hotmail.com,604-517-2397,Ottawa,2025-05-25
186,Charlotte,Lopez,charlotte.lopez649@icloud.com,604-511-1188,Edmonton,2025-10-12
187,Daniel,Martinez,daniel.martinez257@icloud.com,604-522-3338,Edmonton,2025-02-21
188,Joseph,Anderson,joseph.anderson355@outlook.com,604-536-7594,Calgary,2025-09-04
189,Matthew,Moore,matthew.moore807@yahoo.com,604-535-9101,Edmonton,2023-03-17
190,Oliver,Anderson,oliver.anderson688@gmail.com,604-581-2940,Montreal,2023-11-01
191,Lucas,Jones,lucas.jones485@hotmail.com,604-581-1957,Quebec City,2023-07-26
192,Jack,Jones,jack.jones718@hotmail.com,604-541-9162,Calgary,2023-02-28
193,Evelyn,Smith,evelyn.smith165@yahoo.com,604-569-9152,Montreal,2023-07-29
194,Emma,Wilson,emma.wilson429@gmail.com,604-533-6904,Toronto,2026-01-25
195,Evelyn,Johnson,evelyn.johnson699@yahoo.com,604-522-9366,Quebec City,2023-06-20
196,Joseph,Jones,joseph.jones35@outlook.com,604-563-3079,Ottawa,2025-08-27
197,Sebastian,Lopez,sebastian.lopez350@hotmail.com,604-577-4452,Montreal,2023-09-29
198,Olivia,Wilson,olivia.wilson258@icloud.com,604-516-5737,Montreal,2024-03-11
199,Jackson,Thomas,jackson.thomas414@yahoo.com,604-574-5451,Ottawa,2025-01-16
200,Daniel,Thomas,daniel.thomas811@gmail.com,604-552-4150,Ottawa,2024-07-04
201,James,Jackson,james.jackson997@gmail.com,604-515-7535,Winnipeg,2023-02-16
202,Harper,Johnson,harper.johnson409@yahoo.com,604-523-1101,Toronto,2025-02-13
203,Jackson,Thomas,jackson.thomas624@gmail.com,604-574-9907,Winnipeg,2025-05-11
204,Daniel,Martin,daniel.martin898@gmail.com,604-537-1646,Quebec City,2025-03-17
205,Elijah,Garcia,elijah.garcia891@gmail.com,604-563-2648,Toronto,2024-02-12
206,Sebastian,Jones,sebastian.jones806@yahoo.com,604-581-5227,Montreal,2025-02-23
207,Sophia,Johnson,sophia.johnson327@gmail.com,604-565-1894,Quebec City,2023-01-01
208,Charlotte,Johnson,charlotte.johnson845@gmail.com,604-563-7629,Quebec City,2025-10-22
209,Liam,Gonzalez,liam.gonzalez609@icloud.com,604-594-3544,Quebec City,2023-11-15
210,Amelia,Brown,amelia.brown85@hotmail.com,604-537-3486,Toronto,2023-10-16
211,Liam,Smith,liam.smith701@gmail.com,604-521-4575,Vancouver,2025-06-17
212,Mia,Smith,mia.smith283@icloud.com,604-541-8385,Calgary,2025-11-26
213,Emma,Jones,emma.jones748@gmail.com,604-547-9160,Quebec City,2024-10-04
214,Owen,Johnson,owen.johnson735@gmail.com,604-511-1992,Toronto,2025-09-26
215,Ava,Martinez,ava.martinez320@icloud.com,604-531-8968,Toronto,2024-05-30
216,Emma,Jackson,emma.jackson746@hotmail.com,604-570-3727,Calgary,2025-07-12
217,Emma,Garcia,emma.garcia645@hotmail.com,604-571-7319,Quebec City,2024-08-28
218,Samuel,Jackson,samuel.jackson342@yahoo.com,604-545-1993,Ottawa,2026-02-05
219,Jackson,Jones,jackson.jones616@yahoo.com,604-584-8021,Edmonton,2024-01-27
220,Ava,Gonzalez,ava.gonzalez617@outlook.com,604-567-5641,Toronto,2024-05-19
221,Henry,Rodriguez,henry.rodriguez433@outlook.com,604-585-1692,Montreal,2025-05-24
222,Samuel,Jackson,samuel.jackson151@yahoo.com,604-580-9191,Ottawa,2023-03-10
223,Oliver,Moore,oliver.moore567@hotmail.com,604-558-4283,Edmonton,2024-06-13
224,Evelyn,Johnson,evelyn.johnson694@hotmail.com,604-569-4384,Montreal,2022-11-24
225,Joseph,Smith,joseph.smith811@hotmail.com,604-568-9856,Vancouver,2023-03-06
226,Samuel,Lopez,samuel.lopez791@gmail.com,604-539-7523,Montreal,2023-04-05
227,Olivia,Thomas,olivia.thomas519@icloud.com,604-535-4099,Edmonton,2025-02-08
228,Oliver,Garcia,oliver.garcia826@yahoo.com,604-556-6880,Winnipeg,2023-04-14
229,Sebastian,Jones,sebastian.jones253@gmail.com,604-573-7128,Vancouver,2024-02-06
230,Daniel,Anderson,daniel.anderson807@gmail.com,604-529-6173,Toronto,2024-04-01
231,Henry,Taylor,henry.taylor622@gmail.com,604-522-1550,Edmonton,2023-01-05
232,Mia,Jackson,mia.jackson581@outlook.com,604-543-5584,Winnipeg,2025-08-22
233,Isabella,Jackson,isabella.jackson839@icloud.com,604-526-5161,Toronto,2024-04-14
234,Benjamin,Garcia,benjamin.garcia388@gmail.com,604-513-1835,Toronto,2023-01-22
235,Emma,Anderson,emma.anderson499@gmail.com,604-586-7510,Vancouver,2025-09-05
236,Henry,Hernandez,henry.hernandez579@outlook.com,604-592-2471,Winnipeg,2025-02-27
237,Isabella,Garcia,isabella.garcia380@outlook.com,604-538-3820,Toronto,2024-09-30
238,Emma,Johnson,emma.johnson925@icloud.com,604-513-1770,Montreal,2023-04-22
239,Michael,Thomas,michael.thomas58@gmail.com,604-528-6204,Toronto,2025-01-25
240,Matthew,Martinez,matthew.martinez604@icloud.com,604-566-2727,Quebec City,2024-05-14
241,Emma,Rodriguez,emma.rodriguez400@gmail.com,604-557-8885,Winnipeg,2025-03-28
242,Isabella,Davis,isabella.davis827@outlook.com,604-596-1206,Quebec City,2025-02-02
243,Samuel,Johnson,samuel.johnson161@outlook.com,604-519-7112,Calgary,2023-09-05
244,Elijah,Gonzalez,elijah.gonzalez863@gmail.com,604-590-2231,Quebec City,2024-04-12
245,Olivia,Davis,olivia.davis489@gmail.com,604-590-6997,Calgary,2024-04-28
246,Lucas,Johnson,lucas.johnson185@hotmail.com,604-580-3370,Quebec City,2025-05-07
247,Henry,Wilson,henry.wilson422@outlook.com,604-529-1416,Montreal,2022-12-25
248,Jackson,Martinez,jackson.martinez343@outlook.com,604-543-9044,Vancouver,2024-05-26
249,Isabella,Thomas,isabella.thomas117@outlook.com,604-575-1931,Edmonton,2023-01-17
250,Mia,Martinez,mia.martinez123@yahoo.com,604-535-6968,Winnipeg,2024-09-19
251,Lucas,Davis,lucas.davis100@hotmail.com,604-547-7809,Calgary,2025-11-11
252,Jackson,Martinez,jackson.martinez148@gmail.com,604-566-9319,Ottawa,2023-04-27
253,James,Anderson,james.anderson2@icloud.com,604-546-4044,Ottawa,2023-09-29
254,Noah,Wilson,noah.wilson224@yahoo.com,604-583-3960,Calgary,2025-03-05
255,Charlotte,Davis,charlotte.davis729@outlook.com,604-535-2298,Vancouver,2023-05-29
256,Joseph,Rodriguez,joseph.rodriguez180@outlook.com,604-527-4148,Montreal,2025-01-18
257,Liam,Williams,liam.williams709@icloud.com,604-562-1907,Ottawa,2024-04-21
258,Alexander,Thomas,alexander.thomas93@gmail.com,604-562-8808,Calgary,2024-09-09
259,Lucas,Garcia,lucas.garcia577@yahoo.com,604-514-3678,Ottawa,2022-12-17
260,Evelyn,Smith,evelyn.smith365@icloud.com,604-567-9448,Vancouver,2025-07-04
261,Emma,Davis,emma.davis837@yahoo.com,604-558-2002,Montreal,2025-07-31
262,David,Thomas,david.thomas458@icloud.com,604-513-9691,Calgary,2026-01-25
263,Lucas,Williams,lucas.williams230@icloud.com,604-533-3750,Vancouver,2024-06-08
264,Henry,Moore,henry.moore837@gmail.com,604-512-2580,Edmonton,2024-09-19
265,Liam,Martin,liam.martin653@icloud.com,604-569-9567,Edmonton,2023-09-11
266,Elijah,Lopez,elijah.lopez891@gmail.com,604-532-1740,Montreal,2025-06-29
267,Isabella,Thomas,isabella.thomas600@icloud.com,604-545-2802,Vancouver,2025-07-03
268,Ava,Jones,ava.jones555@icloud.com,604-539-4719,Calgary,2022-12-21
269,Isabella,Gonzalez,isabella.gonzalez169@gmail.com,604-591-7369,Winnipeg,2023-03-28
270,Noah,Gonzalez,noah.gonzalez994@gmail.com,604-556-6546,Winnipeg,2024-11-01
271,Jackson,Hernandez,jackson.hernandez733@hotmail.com,604-582-6253,Winnipeg,2023-01-14
272,Noah,Hernandez,noah.hernandez530@outlook.com,604-597-6790,Edmonton,2023-10-26
273,Matthew,Smith,matthew.smith374@gmail.com,604-577-4071,Vancouver,2024-05-13
274,Sophia,Miller,sophia.miller517@gmail.com,604-538-3284,Winnipeg,2023-12-16
275,Joseph,Anderson,joseph.anderson649@gmail.com,604-515-1563,Montreal,2024-08-26
276,Daniel,Moore,daniel.moore826@gmail.com,604-589-2646,Montreal,2025-07-02
277,Charlotte,Smith,charlotte.smith445@outlook.com,604-515-5710,Vancouver,2024-06-21
278,Emma,Garcia,emma.garcia124@gmail.com,604-586-9417,Montreal,2025-09-16
279,Isabella,Jackson,isabella.jackson547@outlook.com,604-566-3030,Calgary,2024-07-15
280,Owen,Wilson,owen.wilson592@yahoo.com,604-545-4987,Vancouver,2023-02-14
281,Alexander,Anderson,alexander.anderson625@icloud.com,604-538-7334,Edmonton,2023-02-09
282,Michael,Lopez,michael.lopez472@icloud.com,604-548-8829,Quebec City,2024-06-11
283,Liam,Davis,liam.davis342@outlook.com,604-534-9395,Winnipeg,2022-11-25
284,Ava,Smith,ava.smith947@yahoo.com,604-530-4908,Ottawa,2023-01-23
285,Olivia,Thomas,olivia.thomas277@yahoo.com,604-537-5841,Toronto,2026-01-23
286,William,Moore,william.moore69@icloud.com,604-554-8208,Toronto,2023-04-15
287,Ava,Anderson,ava.anderson363@gmail.com,604-576-4689,Calgary,2023-11-06
288,Olivia,Lopez,olivia.lopez144@outlook.com,604-588-5534,Vancouver,2023-07-09
289,Henry,Jones,henry.jones423@gmail.com,604-510-7724,Vancouver,2023-05-24
290,Ava,Jackson,ava.jackson154@hotmail.com,604-545-2819,Winnipeg,2023-08-25
291,Michael,Anderson,michael.anderson295@yahoo.com,604-547-6782,Winnipeg,2023-03-27
292,Amelia,Martin,amelia.martin394@yahoo.com,604-510-9184,Winnipeg,2023-09-11
293,Alexander,Garcia,alexander.garcia550@yahoo.com,604-528-8137,Winnipeg,2022-12-03
294,Lucas,Williams,lucas.williams842@yahoo.com,604-551-4975,Ottawa,2025-01-14
295,Sophia,Smith,sophia.smith27@gmail.com,604-542-9148,Montreal,2023-03-06
296,Joseph,Martinez,joseph.martinez552@icloud.com,604-565-9477,Winnipeg,2024-01-01
297,Isabella,Lopez,isabella.lopez42@icloud.com,604-596-6752,Quebec City,2026-02-15
298,Matthew,Williams,matthew.williams538@outlook.com,604-522-7709,Ottawa,2023-05-18
299,Ava,Moore,ava.moore951@icloud.com,604-529-4083,Winnipeg,2023-06-16
300,Ava,Anderson,ava.anderson786@icloud.com,604-585-6624,Vancouver,2025-03-24
301,Emma,Hernandez,emma.hernandez376@gmail.com,604-549-9398,Calgary,2025-07-25
302,Daniel,Martinez,daniel.martinez707@yahoo.com,604-575-7895,Calgary,2023-03-31
303,Alexander,Taylor,alexander.taylor213@icloud.com,604-534-7754,Calgary,2025-11-05
304,Daniel,Jackson,daniel.jackson618@gmail.com,604-555-1693,Winnipeg,2026-02-15
305,Samuel,Smith,samuel.smith315@icloud.com,604-510-5988,Winnipeg,2025-08-19
306,Harper,Smith,harper.smith685@gmail.com,604-535-3870,Quebec City,2023-01-30
307,Harper,Rodriguez,harper.rodriguez893@icloud.com,604-575-3354,Edmonton,2023-11-18
308,Evelyn,Brown,evelyn.brown149@outlook.com,604-576-9347,Vancouver,2026-01-08
309,Elijah,Williams,elijah.williams175@icloud.com,604-572-8659,Winnipeg,2025-11-01
310,Daniel,Smith,daniel.smith701@icloud.com,604-551-3358,Edmonton,2024-03-14
311,Henry,Garcia,henry.garcia34@yahoo.com,604-590-2629,Vancouver,2024-03-24
312,Benjamin,Anderson,benjamin.anderson639@hotmail.com,604-512-1895,Edmonton,2023-12-19
313,Harper,Johnson,harper.johnson451@gmail.com,604-589-4904,Edmonton,2024-12-07
314,Noah,Garcia,noah.garcia954@icloud.com,604-532-6157,Toronto,2023-08-19
315,Alexander,Wilson,alexander.wilson618@yahoo.com,604-573-2106,Edmonton,2023-12-31
316,Matthew,Jackson,matthew.jackson227@hotmail.com,604-549-7530,Quebec City,2026-01-22
317,Samuel,Davis,samuel.davis90@outlook.com,604-531-6871,Winnipeg,2025-02-19
318,Liam,Martinez,liam.martinez406@icloud.com,604-556-2882,Ottawa,2023-03-11
319,Sebastian,Gonzalez,sebastian.gonzalez344@hotmail.com,604-593-2072,Vancouver,2023-10-26
320,Jackson,Lopez,jackson.lopez568@outlook.com,604-559-4132,Quebec City,2024-08-05
321,Emma,Davis,emma.davis447@gmail.com,604-545-1414,Ottawa,2025-04-23
322,Lucas,Jones,lucas.jones95@outlook.com,604-544-9927,Calgary,2023-01-27
323,Isabella,Anderson,isabella.anderson857@outlook.com,604-530-7027,Ottawa,2024-12-20
324,David,Gonzalez,david.gonzalez386@icloud.com,604-536-5870,Quebec City,2023-05-10
325,Benjamin,Davis,benjamin.davis879@hotmail.com,604-596-3145,Montreal,2023-09-19
326,Harper,Lopez,harper.lopez548@outlook.com,604-561-9359,Edmonton,2025-06-24
327,Sebastian,Brown,sebastian.brown695@icloud.com,604-521-9889,Montreal,2024-01-10
328,Liam,Jackson,liam.jackson149@yahoo.com,604-511-7388,Vancouver,2025-03-11
329,Joseph,Davis,joseph.davis329@outlook.com,604-594-2785,Vancouver,2023-01-13
330,Owen,Lopez,owen.lopez825@icloud.com,604-548-4159,Vancouver,2024-06-09
331,Oliver,Davis,oliver.davis296@outlook.com,604-561-5626,Ottawa,2023-12-03
332,Sebastian,Anderson,sebastian.anderson794@outlook.com,604-545-3890,Toronto,2024-02-17
333,Matthew,Lopez,matthew.lopez919@hotmail.com,604-513-8578,Edmonton,2023-12-09
334,Emma,Brown,emma.brown187@yahoo.com,604-524-5438,Edmonton,2025-12-16
335,Ava,Johnson,ava.johnson624@outlook.com,604-565-4245,Montreal,2025-04-23
336,Ava,Johnson,ava.johnson566@yahoo.com,604-590-3943,Edmonton,2022-12-27
337,Mia,Taylor,mia.taylor261@hotmail.com,604-595-6718,Toronto,2025-07-22
338,Jackson,Martinez,jackson.martinez923@gmail.com,604-584-1775,Edmonton,2025-07-24
339,Noah,Hernandez,noah.hernandez216@yahoo.com,604-521-7835,Winnipeg,2024-12-11
340,Henry,Taylor,henry.taylor93@yahoo.com,604-564-8250,Ottawa,2023-05-13
341,David,Anderson,david.anderson521@gmail.com,604-596-4374,Winnipeg,2023-04-25
342,Sebastian,Jones,sebastian.jones502@outlook.com,604-515-5279,Calgary,2023-02-13
343,William,Davis,william.davis557@yahoo.com,604-541-1972,Calgary,2024-03-06
344,Emma,Wilson,emma.wilson95@outlook.com,604-591-6088,Calgary,2025-06-02
345,Matthew,Thomas,matthew.thomas687@hotmail.com,604-540-4960,Toronto,2023-04-18
346,Michael,Anderson,michael.anderson137@yahoo.com,604-599-5904,Calgary,2025-05-22
347,Harper,Jackson,harper.jackson247@yahoo.com,604-590-2932,Winnipeg,2025-03-27
348,Matthew,Jones,matthew.jones614@hotmail.com,604-561-4380,Vancouver,2024-07-24
349,Liam,Lopez,liam.lopez499@outlook.com,604-515-1988,Montreal,2024-06-24
350,Benjamin,Brown,benjamin.brown719@yahoo.com,604-567-2851,Calgary,2024-05-13
351,Isabella,Anderson,isabella.anderson583@yahoo.com,604-547-3754,Vancouver,2025-12-05
352,Liam,Anderson,liam.anderson769@hotmail.com,604-520-6434,Montreal,2025-07-29
353,Daniel,Thomas,daniel.thomas980@hotmail.com,604-572-4109,Ottawa,2026-02-19
354,Emma,Williams,emma.williams660@yahoo.com,604-590-5119,Edmonton,2025-09-29
355,James,Smith,james.smith26@hotmail.com,604-528-5854,Ottawa,2025-02-21
356,Daniel,Taylor,daniel.taylor867@outlook.com,604-523-6084,Ottawa,2024-01-22
357,William,Lopez,william.lopez328@outlook.com,604-557-3233,Ottawa,2024-10-05
358,Lucas,Johnson,lucas.johnson43@gmail.com,604-582-7606,Toronto,2024-12-20
359,Mia,Wilson,mia.wilson512@outlook.com,604-548-2314,Calgary,2024-11-28
360,William,Jones,william.jones454@hotmail.com,604-521-1654,Quebec City,2023-07-01
361,Benjamin,Miller,benjamin.miller741@yahoo.com,604-510-1524,Winnipeg,2025-05-19
362,Alexander,Williams,alexander.williams678@gmail.com,604-575-7901,Ottawa,2025-10-31
363,Isabella,Smith,isabella.smith683@outlook.com,604-531-7206,Montreal,2026-02-28
364,Isabella,Jackson,isabella.jackson692@yahoo.com,604-582-4201,Quebec City,2025-09-15
365,Amelia,Hernandez,amelia.hernandez530@hotmail.com,604-564-9760,Calgary,2023-12-08
366,Evelyn,Martin,evelyn.martin84@gmail.com,604-596-6431,Montreal,2023-01-06
367,Harper,Wilson,harper.wilson976@yahoo.com,604-571-3242,Montreal,2024-04-04
368,Charlotte,Smith,charlotte.smith869@outlook.com,604-538-8329,Vancouver,2025-05-12
369,Matthew,Jackson,matthew.jackson381@icloud.com,604-584-7821,Ottawa,2023-03-19
370,Lucas,Jackson,lucas.jackson452@hotmail.com,604-543-2871,Edmonton,2025-03-04
371,Jack,Miller,jack.miller562@gmail.com,604-538-5153,Vancouver,2025-02-17
372,Charlotte,Rodriguez,charlotte.rodriguez727@hotmail.com,604-539-8506,Edmonton,2023-02-24
373,Harper,Brown,harper.brown754@icloud.com,604-585-2314,Winnipeg,2025-10-09
374,Samuel,Anderson,samuel.anderson138@icloud.com,604-580-9310,Vancouver,2023-04-18
375,Elijah,Anderson,elijah.anderson851@hotmail.com,604-579-3805,Edmonton,2023-01-10
376,Mia,Williams,mia.williams141@yahoo.com,604-589-1942,Winnipeg,2024-11-08
377,Noah,Lopez,noah.lopez43@gmail.com,604-599-4491,Quebec City,2024-07-02
378,Elijah,Jones,elijah.jones437@gmail.com,604-589-4303,Vancouver,2024-03-12
379,William,Lopez,william.lopez764@yahoo.com,604-597-1190,Montreal,2025-06-30
380,Lucas,Lopez,lucas.lopez526@icloud.com,604-555-9011,Toronto,2024-03-15
381,Elijah,Lopez,elijah.lopez563@yahoo.com,604-587-2850,Toronto,2024-10-28
382,Henry,Lopez,henry.lopez198@hotmail.com,604-512-8206,Vancouver,2026-01-25
383,Mia,Brown,mia.brown76@yahoo.com,604-533-3461,Montreal,2024-01-19
384,Jackson,Jones,jackson.jones603@yahoo.com,604-578-5402,Quebec City,2026-02-08
385,Liam,Hernandez,liam.hernandez155@hotmail.com,604-574-8929,Toronto,2025-12-26
386,Oliver,Garcia,oliver.garcia636@icloud.com,604-560-8794,Calgary,2023-09-02
387,Ava,Davis,ava.davis894@icloud.com,604-576-2243,Ottawa,2024-05-03
388,Charlotte,Miller,charlotte.miller319@outlook.com,604-585-1715,Edmonton,2025-03-26
389,Jackson,Lopez,jackson.lopez745@hotmail.com,604-552-8674,Winnipeg,2024-03-14
390,Olivia,Smith,olivia.smith344@icloud.com,604-571-6468,Edmonton,2026-01-25
391,Lucas,Anderson,lucas.anderson898@icloud.com,604-515-3389,Calgary,2024-08-27
392,Ava,Rodriguez,ava.rodriguez66@icloud.com,604-543-6846,Calgary,2025-12-29
393,Owen,Moore,owen.moore925@gmail.com,604-535-7983,Vancouver,2024-02-24
394,Samuel,Martinez,samuel.martinez813@outlook.com,604-528-2180,Montreal,2024-04-08
395,David,Lopez,david.lopez522@outlook.com,604-554-7651,Ottawa,2025-11-05
396,Michael,Hernandez,michael.hernandez688@yahoo.com,604-571-9253,Ottawa,2024-10-26
397,Samuel,Davis,samuel.davis358@outlook.com,604-527-4364,Toronto,2023-08-23
398,Ava,Anderson,ava.anderson406@icloud.com,604-548-3767,Vancouver,2025-05-18
399,Alexander,Martinez,alexander.martinez259@icloud.com,604-580-6578,Vancouver,2025-02-12
400,Harper,Williams,harper.williams599@outlook.com,604-548-6791,Quebec City,2024-03-07
401,Joseph,Wilson,joseph.wilson739@gmail.com,604-572-6230,Calgary,2024-08-21
402,Jack,Rodriguez,jack.rodriguez560@gmail.com,604-531-5391,Edmonton,2026-01-26
403,Benjamin,Johnson,benjamin.johnson410@hotmail.com,604-535-5630,Vancouver,2025-01-30
404,Lucas,Johnson,lucas.johnson987@outlook.com,604-586-1796,Vancouver,2025-10-09
405,Samuel,Jackson,samuel.jackson350@outlook.com,604-510-4083,Montreal,2023-03-05
406,Daniel,Smith,daniel.smith656@yahoo.com,604-513-4477,Ottawa,2024-05-08
407,Sebastian,Smith,sebastian.smith665@hotmail.com,604-561-6534,Calgary,2025-11-11
408,Sebastian,Wilson,sebastian.wilson816@gmail.com,604-521-6480,Quebec City,2023-12-11
409,Henry,Anderson,henry.anderson895@gmail.com,604-513-6191,Ottawa,2025-11-14
410,Sophia,Martin,sophia.martin728@yahoo.com,604-530-2531,Toronto,2025-04-23
411,Benjamin,Jones,benjamin.jones543@gmail.com,604-555-6926,Winnipeg,2024-04-03
412,Amelia,Jackson,amelia.jackson887@icloud.com,604-529-6420,Edmonton,2024-09-26
413,Jackson,Thomas,jackson.thomas782@gmail.com,604-592-6066,Quebec City,2023-01-18
414,Henry,Lopez,henry.lopez536@icloud.com,604-545-3160,Montreal,2026-02-18
415,Amelia,Thomas,amelia.thomas103@yahoo.com,604-529-4738,Winnipeg,2025-09-05
416,Owen,Smith,owen.smith640@outlook.com,604-525-1985,Edmonton,2023-01-26
417,Joseph,Garcia,joseph.garcia266@icloud.com,604-556-3446,Calgary,2025-04-11
418,Charlotte,Smith,charlotte.smith360@outlook.com,604-566-9174,Edmonton,2024-04-03
419,Jack,Gonzalez,jack.gonzalez472@outlook.com,604-551-1433,Vancouver,2026-02-05
420,Oliver,Gonzalez,oliver.gonzalez691@yahoo.com,604-517-4737,Winnipeg,2023-11-20
421,Owen,Gonzalez,owen.gonzalez968@outlook.com,604-513-5127,Toronto,2024-09-17
422,Michael,Wilson,michael.wilson248@outlook.com,604-555-4329,Ottawa,2023-10-19
423,Daniel,Rodriguez,daniel.rodriguez306@hotmail.com,604-537-3567,Quebec City,2024-09-07
424,Joseph,Jones,joseph.jones843@yahoo.com,604-546-2448,Ottawa,2026-02-28
425,Mia,Davis,mia.davis166@yahoo.com,604-597-8422,Edmonton,2022-12-08
426,Noah,Miller,noah.miller872@yahoo.com,604-515-8193,Calgary,2023-09-30
427,Sebastian,Jones,sebastian.jones959@yahoo.com,604-597-1400,Vancouver,2025-05-01
428,Owen,Smith,owen.smith137@yahoo.com,604-529-9235,Ottawa,2025-08-21
429,Joseph,Garcia,joseph.garcia476@hotmail.com,604-521-7786,Ottawa,2023-12-17
430,Jack,Hernandez,jack.hernandez917@gmail.com,604-584-4843,Edmonton,2026-02-05
431,Noah,Jones,noah.jones517@icloud.com,604-539-8053,Vancouver,2026-01-27
432,Noah,Hernandez,noah.hernandez67@gmail.com,604-525-8984,Calgary,2023-03-28
433,Sophia,Smith,sophia.smith184@outlook.com,604-597-9854,Calgary,2023-02-15
434,Charlotte,Brown,charlotte.brown543@yahoo.com,604-573-2266,Ottawa,2024-12-23
435,Sebastian,Davis,sebastian.davis749@gmail.com,604-544-3903,Toronto,2024-09-13
436,Henry,Williams,henry.williams990@gmail.com,604-535-9335,Toronto,2023-11-24
437,Samuel,Moore,samuel.moore975@yahoo.com,604-544-1173,Ottawa,2025-12-14
438,Daniel,Anderson,daniel.anderson558@yahoo.com,604-580-6419,Winnipeg,2024-09-04
439,Ava,Wilson,ava.wilson326@icloud.com,604-563-7274,Calgary,2024-01-06
440,Joseph,Gonzalez,joseph.gonzalez903@hotmail.com,604-528-1086,Edmonton,2023-05-17
441,Owen,Rodriguez,owen.rodriguez711@icloud.com,604-558-4944,Edmonton,2025-07-14
442,Oliver,Martin,oliver.martin803@gmail.com,604-516-7648,Ottawa,2023-09-14
443,Amelia,Hernandez,amelia.hernandez467@icloud.com,604-510-8757,Quebec City,2023-04-29
444,Olivia,Jackson,olivia.jackson560@hotmail.com,604-540-7206,Ottawa,2025-10-28
445,Ava,Taylor,ava.taylor273@icloud.com,604-594-6277,Vancouver,2023-02-20
446,Matthew,Davis,matthew.davis947@icloud.com,604-543-5297,Quebec City,2024-03-26
447,Charlotte,Jackson,charlotte.jackson489@icloud.com,604-538-3327,Vancouver,2023-03-22
448,Emma,Taylor,emma.taylor210@icloud.com,604-531-6993,Edmonton,2025-03-21
449,James,Anderson,james.anderson182@gmail.com,604-551-7246,Ottawa,2023-10-14
450,Elijah,Wilson,elijah.wilson158@yahoo.com,604-558-2684,Ottawa,2024-03-08
451,Matthew,Taylor,matthew.taylor534@yahoo.com,604-567-2441,Montreal,2023-12-19
452,Alexander,Anderson,alexander.anderson712@gmail.com,604-567-8837,Calgary,2023-04-14
453,James,Smith,james.smith697@outlook.com,604-556-9008,Edmonton,2024-02-08
454,Charlotte,Hernandez,charlotte.hernandez821@hotmail.com,604-542-1291,Edmonton,2026-03-07
455,Harper,Rodriguez,harper.rodriguez60@icloud.com,604-532-6022,Montreal,2024-05-14
456,Henry,Davis,henry.davis272@hotmail.com,604-521-9604,Quebec City,2025-09-08
457,Benjamin,Jones,benjamin.jones434@yahoo.com,604-589-7088,Toronto,2023-09-14
458,Ava,Lopez,ava.lopez43@yahoo.com,604-562-8060,Montreal,2024-03-17
459,Lucas,Gonzalez,lucas.gonzalez871@icloud.com,604-526-4139,Ottawa,2025-10-30
460,Matthew,Miller,matthew.miller338@gmail.com,604-520-8299,Winnipeg,2023-12-24
461,Charlotte,Wilson,charlotte.wilson509@gmail.com,604-523-8578,Quebec City,2023-09-27
462,Sophia,Thomas,sophia.thomas181@gmail.com,604-566-7514,Quebec City,2025-06-04
463,Charlotte,Smith,charlotte.smith687@outlook.com,604-535-7581,Toronto,2024-07-14
464,Amelia,Hernandez,amelia.hernandez788@hotmail.com,604-568-2935,Vancouver,2024-12-11
465,Sebastian,Williams,sebastian.williams585@gmail.com,604-523-9141,Vancouver,2024-12-22
466,Harper,Anderson,harper.anderson57@outlook.com,604-552-8910,Toronto,2023-02-05
467,Michael,Wilson,michael.wilson864@icloud.com,604-527-7667,Toronto,2025-05-14
468,Olivia,Hernandez,olivia.hernandez195@icloud.com,604-510-4049,Montreal,2023-04-09
469,Henry,Williams,henry.williams321@hotmail.com,604-542-5895,Winnipeg,2023-04-27
470,Jack,Wilson,jack.wilson698@gmail.com,604-549-5988,Edmonton,2024-01-20
471,Samuel,Wilson,samuel.wilson878@icloud.com,604-542-5996,Edmonton,2025-06-12
472,Noah,Miller,noah.miller550@yahoo.com,604-569-9011,Calgary,2024-02-18
473,Owen,Hernandez,owen.hernandez206@hotmail.com,604-581-1838,Ottawa,2026-02-19
474,Amelia,Williams,amelia.williams419@icloud.com,604-551-1578,Montreal,2024-12-14
475,Samuel,Anderson,samuel.anderson299@outlook.com,604-536-8448,Winnipeg,2023-09-09
476,Benjamin,Miller,benjamin.miller60@outlook.com,604-565-3039,Toronto,2025-06-01
477,Sebastian,Williams,sebastian.williams834@icloud.com,604-573-3951,Toronto,2023-01-14
478,David,Garcia,david.garcia511@outlook.com,604-596-5831,Edmonton,2023-03-10
479,Jackson,Garcia,jackson.garcia150@outlook.com,604-576-2652,Quebec City,2025-08-25
480,Benjamin,Williams,benjamin.williams974@gmail.com,604-563-4666,Montreal,2023-09-14
481,Matthew,Wilson,matthew.wilson159@gmail.com,604-599-3185,Toronto,2025-04-15
482,Jackson,Anderson,jackson.anderson301@outlook.com,604-584-6222,Calgary,2024-06-13
483,Owen,Rodriguez,owen.rodriguez333@icloud.com,604-537-3488,Edmonton,2023-12-28
484,Noah,Hernandez,noah.hernandez390@outlook.com,604-592-5768,Edmonton,2023-02-15
485,Michael,Williams,michael.williams203@hotmail.com,604-529-4013,Winnipeg,2024-04-25
486,Matthew,Gonzalez,matthew.gonzalez118@gmail.com,604-555-3000,Edmonton,2023-03-31
487,Charlotte,Williams,charlotte.williams298@hotmail.com,604-554-1291,Quebec City,2025-08-30
488,Benjamin,Thomas,benjamin.thomas287@yahoo.com,604-586-9859,Vancouver,2025-01-20
489,James,Thomas,james.thomas278@outlook.com,604-584-5912,Toronto,2022-12-06
490,Evelyn,Brown,evelyn.brown991@gmail.com,604-554-4184,Calgary,2024-07-02
491,Noah,Garcia,noah.garcia342@yahoo.com,604-567-8881,Edmonton,2024-05-03
492,David,Lopez,david.lopez184@gmail.com,604-548-2137,Quebec City,2025-08-25
493,David,Moore,david.moore116@outlook.com,604-586-7443,Quebec City,2025-12-25
494,Noah,Johnson,noah.johnson526@icloud.com,604-522-7766,Calgary,2023-11-09
495,Harper,Lopez,harper.lopez79@yahoo.com,604-594-3685,Ottawa,2025-03-26
496,Matthew,Williams,matthew.williams340@gmail.com,604-592-8868,Montreal,2025-05-07
497,Henry,Brown,henry.brown110@outlook.com,604-524-3507,Quebec City,2024-09-01
498,Amelia,Moore,amelia.moore121@yahoo.com,604-569-5029,Calgary,2022-12-30
499,Amelia,Johnson,amelia.johnson519@yahoo.com,604-556-4239,Montreal,2023-12-03
500,Amelia,Miller,amelia.miller131@outlook.com,604-578-9221,Edmonton,2025-08-26
501,Liam,Brown,liam.brown966@gmail.com,604-572-4455,Edmonton,2025-09-11
502,Joseph,Garcia,joseph.garcia158@yahoo.com,604-513-7946,Winnipeg,2023-04-12
503,Elijah,Martinez,elijah.martinez584@gmail.com,604-520-4565,Edmonton,2024-10-26
504,Evelyn,Taylor,evelyn.taylor728@gmail.com,604-541-2196,Ottawa,2025-08-20
505,Noah,Miller,noah.miller634@outlook.com,604-548-6604,Vancouver,2023-08-06
506,Harper,Garcia,harper.garcia12@yahoo.com,604-562-7670,Toronto,2025-09-09
507,Samuel,Davis,samuel.davis152@icloud.com,604-596-3738,Calgary,2024-04-02
508,Joseph,Jones,joseph.jones209@outlook.com,604-538-6424,Vancouver,2026-03-03
509,Samuel,Thomas,samuel.thomas39@hotmail.com,604-577-6406,Vancouver,2025-10-31
510,Benjamin,Johnson,benjamin.johnson867@yahoo.com,604-562-2513,Ottawa,2022-12-01
511,William,Thomas,william.thomas689@hotmail.com,604-527-5248,Montreal,2025-11-20
512,David,Anderson,david.anderson853@icloud.com,604-531-8132,Winnipeg,2023-04-23
513,Alexander,Jackson,alexander.jackson545@gmail.com,604-518-5128,Edmonton,2024-11-02
514,Benjamin,Jackson,benjamin.jackson469@icloud.com,604-540-9071,Toronto,2023-12-27
515,Matthew,Gonzalez,matthew.gonzalez813@yahoo.com,604-558-7655,Vancouver,2024-11-26
516,Daniel,Hernandez,daniel.hernandez680@icloud.com,604-564-5993,Toronto,2024-07-01
517,Mia,Martin,mia.martin17@gmail.com,604-570-7859,Winnipeg,2024-07-03
518,Isabella,Jones,isabella.jones344@icloud.com,604-537-2361,Ottawa,2023-12-23
519,Sebastian,Anderson,sebastian.anderson635@gmail.com,604-547-6502,Vancouver,2024-08-30
520,William,Anderson,william.anderson418@icloud.com,604-540-2977,Edmonton,2025-12-13
521,Ava,Garcia,ava.garcia400@yahoo.com,604-552-3472,Ottawa,2025-03-31
522,Lucas,Lopez,lucas.lopez912@icloud.com,604-560-6055,Quebec City,2024-05-25
523,Jack,Taylor,jack.taylor810@icloud.com,604-534-3657,Winnipeg,2023-03-25
524,Liam,Smith,liam.smith874@outlook.com,604-523-5028,Quebec City,2023-01-06
525,Samuel,Rodriguez,samuel.rodriguez755@yahoo.com,604-596-2653,Winnipeg,2025-06-05
526,Owen,Rodriguez,owen.rodriguez683@hotmail.com,604-519-9425,Ottawa,2023-09-11
527,Henry,Martinez,henry.martinez371@yahoo.com,604-594-7158,Toronto,2023-05-23
528,Mia,Lopez,mia.lopez709@gmail.com,604-517-2950,Winnipeg,2023-09-04
529,Alexander,Taylor,alexander.taylor913@outlook.com,604-587-8518,Toronto,2024-05-11
530,Mia,Jones,mia.jones8@yahoo.com,604-528-4074,Toronto,2023-12-26
531,William,Jackson,william.jackson657@yahoo.com,604-590-4960,Montreal,2023-02-18
532,Liam,Wilson,liam.wilson562@hotmail.com,604-593-2381,Winnipeg,2023-06-03
533,Michael,Lopez,michael.lopez708@yahoo.com,604-551-3652,Quebec City,2025-11-30
534,Samuel,Moore,samuel.moore356@outlook.com,604-535-9454,Toronto,2025-04-10
535,Alexander,Taylor,alexander.taylor175@yahoo.com,604-516-5876,Winnipeg,2024-03-01
536,Michael,Garcia,michael.garcia279@yahoo.com,604-570-4233,Ottawa,2023-09-23
537,Ava,Brown,ava.brown698@yahoo.com,604-556-7454,Ottawa,2024-01-09
538,Samuel,Thomas,samuel.thomas274@gmail.com,604-536-8376,Winnipeg,2025-04-15
539,Joseph,Hernandez,joseph.hernandez46@outlook.com,604-545-9776,Quebec City,2023-01-19
540,Sebastian,Wilson,sebastian.wilson771@gmail.com,604-545-7416,Ottawa,2023-12-19
541,Charlotte,Martinez,charlotte.martinez872@gmail.com,604-543-8367,Toronto,2025-12-14
542,Amelia,Jackson,amelia.jackson313@yahoo.com,604-587-6895,Montreal,2024-10-26
543,Jack,Williams,jack.williams897@icloud.com,604-522-7762,Vancouver,2024-06-18
544,William,Garcia,william.garcia991@gmail.com,604-561-7463,Ottawa,2023-12-10
545,Ava,Thomas,ava.thomas826@yahoo.com,604-554-4043,Calgary,2023-03-15
546,David,Taylor,david.taylor424@yahoo.com,604-527-4490,Ottawa,2025-10-24
547,Owen,Wilson,owen.wilson69@icloud.com,604-510-4859,Winnipeg,2023-12-03
548,Benjamin,Jackson,benjamin.jackson747@yahoo.com,604-596-3170,Calgary,2024-12-08
549,Matthew,Davis,matthew.davis513@gmail.com,604-546-1548,Winnipeg,2024-07-28
550,James,Gonzalez,james.gonzalez628@yahoo.com,604-518-9340,Montreal,2024-12-27
551,Jack,Davis,jack.davis317@gmail.com,604-556-2288,Ottawa,2026-01-20
552,Michael,Taylor,michael.taylor74@gmail.com,604-551-4578,Toronto,2023-08-14
553,Daniel,Jones,daniel.jones458@yahoo.com,604-574-1968,Quebec City,2023-01-27
554,Evelyn,Johnson,evelyn.johnson41@icloud.com,604-569-2811,Quebec City,2024-12-04
555,Alexander,Hernandez,alexander.hernandez988@yahoo.com,604-577-4773,Edmonton,2023-01-24
556,Samuel,Miller,samuel.miller289@icloud.com,604-578-1499,Edmonton,2025-03-19
557,Liam,Taylor,liam.taylor275@hotmail.com,604-557-2033,Montreal,2025-09-06
558,Harper,Brown,harper.brown410@hotmail.com,604-575-7701,Edmonton,2025-11-16
559,Samuel,Lopez,samuel.lopez985@icloud.com,604-552-5124,Vancouver,2023-07-04
560,Harper,Jones,harper.jones442@hotmail.com,604-597-8449,Edmonton,2024-04-08
561,Evelyn,Miller,evelyn.miller115@hotmail.com,604-531-5629,Edmonton,2025-10-03
562,David,Taylor,david.taylor17@hotmail.com,604-535-4223,Montreal,2025-01-20
563,Amelia,Martinez,amelia.martinez766@gmail.com,604-588-1258,Vancouver,2024-03-14
564,Benjamin,Wilson,benjamin.wilson14@icloud.com,604-543-6822,Calgary,2023-01-06
565,Daniel,Hernandez,daniel.hernandez364@yahoo.com,604-523-1724,Calgary,2024-03-11
566,Sophia,Smith,sophia.smith824@hotmail.com,604-523-6618,Vancouver,2025-04-27
567,Emma,Thomas,emma.thomas498@gmail.com,604-553-6218,Quebec City,2025-06-19
568,Sebastian,Brown,sebastian.brown541@icloud.com,604-542-9322,Winnipeg,2025-01-04
569,Emma,Rodriguez,emma.rodriguez673@gmail.com,604-534-5559,Winnipeg,2024-01-12
570,William,Wilson,william.wilson138@outlook.com,604-511-2820,Edmonton,2022-11-26
571,Amelia,Gonzalez,amelia.gonzalez29@gmail.com,604-521-8597,Toronto,2025-01-15
572,Jack,Jackson,jack.jackson548@gmail.com,604-551-6545,Quebec City,2023-06-20
573,Joseph,Miller,joseph.miller8@outlook.com,604-536-6809,Winnipeg,2025-08-07
574,Elijah,Jackson,elijah.jackson899@outlook.com,604-535-8209,Quebec City,2022-12-23
575,Harper,Anderson,harper.anderson780@gmail.com,604-582-1880,Quebec City,2025-03-27
576,Ava,Davis,ava.davis735@hotmail.com,604-598-8728,Calgary,2025-07-09
577,Owen,Thomas,owen.thomas614@hotmail.com,604-518-4909,Edmonton,2026-02-26
578,Ava,Jackson,ava.jackson807@outlook.com,604-591-1627,Edmonton,2025-08-28
579,Owen,Miller,owen.miller822@gmail.com,604-514-8643,Toronto,2023-12-06
580,Lucas,Davis,lucas.davis794@gmail.com,604-581-7778,Montreal,2025-12-14
581,James,Anderson,james.anderson19@hotmail.com,604-523-2582,Calgary,2025-05-19
582,Samuel,Taylor,samuel.taylor167@icloud.com,604-575-6296,Vancouver,2023-04-29
583,Samuel,Gonzalez,samuel.gonzalez939@gmail.com,604-519-1486,Vancouver,2023-05-14
584,Amelia,Martin,amelia.martin628@icloud.com,604-578-2271,Toronto,2023-02-15
585,Evelyn,Martinez,evelyn.martinez469@hotmail.com,604-595-1125,Edmonton,2026-01-18
586,William,Taylor,william.taylor832@hotmail.com,604-536-3001,Edmonton,2023-10-12
587,Elijah,Martin,elijah.martin89@icloud.com,604-576-6775,Vancouver,2025-09-10
588,David,Davis,david.davis871@gmail.com,604-521-7022,Montreal,2024-06-27
589,Alexander,Martinez,alexander.martinez152@hotmail.com,604-587-6486,Edmonton,2026-02-22
590,Oliver,Williams,oliver.williams45@gmail.com,604-597-4504,Winnipeg,2023-08-18
591,Sophia,Martin,sophia.martin589@outlook.com,604-520-1353,Toronto,2026-01-05
592,Matthew,Jones,matthew.jones871@hotmail.com,604-517-3946,Montreal,2023-09-16
593,Henry,Jones,henry.jones259@yahoo.com,604-554-1464,Ottawa,2024-01-16
594,Elijah,Garcia,elijah.garcia454@outlook.com,604-593-8754,Ottawa,2024-08-24
595,Samuel,Davis,samuel.davis14@hotmail.com,604-578-1342,Ottawa,2024-11-21
596,Amelia,Lopez,amelia.lopez944@yahoo.com,604-510-4912,Ottawa,2025-09-27
597,Amelia,Garcia,amelia.garcia108@gmail.com,604-550-7963,Ottawa,2024-02-16
598,Oliver,Moore,oliver.moore125@hotmail.com,604-530-4465,Toronto,2023-03-02
599,Lucas,Wilson,lucas.wilson954@icloud.com,604-598-2468,Edmonton,2024-12-17
600,Alexander,Smith,alexander.smith732@yahoo.com,604-565-2938,Calgary,2023-09-23
